n_estimators,max_depth,min_samples_split,max_features,bootstrap,validation_loss,mee
10,1,2,10,False,14.294826710925584,4.631380540344903
50,1,2,10,False,13.275941370941899,4.461700479505775
100,1,2,10,False,13.125628712284962,4.440279050503648
500,1,2,10,False,13.145124141219638,4.438791427482133
1000,1,2,10,False,13.077069438266198,4.430386870670383
10,1,3,10,False,13.325836108761276,4.488986093669248
50,1,3,10,False,13.25143370435332,4.459170418146231
100,1,3,10,False,13.1146211347275,4.431848242750501
500,1,3,10,False,13.045733593537909,4.424635302643869
1000,1,3,10,False,13.070039064825389,4.425915164201816
10,1,4,10,False,13.242826029714784,4.459243491024695
50,1,4,10,False,13.18711245070163,4.4456303628740255
100,1,4,10,False,13.021178599999006,4.4181948874273544
500,1,4,10,False,13.014994043709782,4.4153192161055
1000,1,4,10,False,13.0660567036125,4.424734846411008
10,1,5,10,False,13.48071754378239,4.49761075321978
50,1,5,10,False,13.175895269736639,4.445330820331377
100,1,5,10,False,13.11079595410257,4.4375496570032205
500,1,5,10,False,13.0484270368479,4.421804562203711
1000,1,5,10,False,13.095090849638929,4.431176979984083
10,1,2,3,False,15.96188981441998,4.964645017136529
50,1,2,3,False,15.303080794388013,4.8620043656973415
100,1,2,3,False,15.353612598272075,4.846390130383233
500,1,2,3,False,15.192003353900999,4.825651708157762
1000,1,2,3,False,15.117571872546558,4.813689716914695
10,1,3,3,False,17.40668174800207,5.230060025003669
50,1,3,3,False,15.344778645067453,4.851408203057978
100,1,3,3,False,15.297497735169195,4.843431434019664
500,1,3,3,False,15.165983241797356,4.8209336237550735
1000,1,3,3,False,15.253538957287628,4.83813627352918
10,1,4,3,False,15.16007063375812,4.829371124301089
50,1,4,3,False,15.146973181857007,4.841909140555357
100,1,4,3,False,14.759896647793003,4.761948724599649
500,1,4,3,False,15.180377809888578,4.827523954063466
1000,1,4,3,False,15.120602058339534,4.811325634887864
10,1,5,3,False,14.861283564858303,4.717843903550536
50,1,5,3,False,14.922351409048984,4.755790437409854
100,1,5,3,False,15.268288900919407,4.859421000995221
500,1,5,3,False,15.266178286031744,4.839396958298086
1000,1,5,3,False,15.112558408190905,4.813435097679044
10,2,2,10,False,5.47524149916694,2.736071524787199
50,2,2,10,False,5.069325707227306,2.6174326404943162
100,2,2,10,False,5.11739366022402,2.6338313970382083
500,2,2,10,False,4.9878598652567465,2.5939056606188813
1000,2,2,10,False,4.956126181198484,2.585518686046988
10,2,3,10,False,5.350916398404011,2.6741820568341623
50,2,3,10,False,5.233889299067157,2.678349573892152
100,2,3,10,False,4.914056912585583,2.577520981387676
500,2,3,10,False,4.885840895723009,2.57065937621081
1000,2,3,10,False,4.9689630782808845,2.5928845987613
10,2,4,10,False,5.378702173415451,2.7378817185312605
50,2,4,10,False,5.141143540953067,2.6448381462965815
100,2,4,10,False,4.895371163328827,2.568151745252593
500,2,4,10,False,4.959398354910197,2.5870097955651317
1000,2,4,10,False,4.964182269293007,2.5862220191433742
10,2,5,10,False,5.440220891974944,2.6821875444887375
50,2,5,10,False,5.112126329789805,2.6355529801861173
100,2,5,10,False,4.971093668121916,2.587458306173151
500,2,5,10,False,4.9562841868148135,2.5869753785114207
1000,2,5,10,False,4.994884076195142,2.599370752303114
10,2,2,3,False,8.766379840800322,3.5123241806117966
50,2,2,3,False,7.996421227805558,3.378888527877525
100,2,2,3,False,8.0783032614052,3.3925618017877484
500,2,2,3,False,7.8125132881580575,3.3383314144549763
1000,2,2,3,False,7.85361065256375,3.3520736602788737
10,2,3,3,False,8.213251122557965,3.430247403099622
50,2,3,3,False,8.086586983781807,3.4185582770917304
100,2,3,3,False,7.635169241399457,3.291200541861005
500,2,3,3,False,7.7145584582779625,3.318832330781558
1000,2,3,3,False,7.877007584225198,3.3558274117344022
10,2,4,3,False,9.288862733929236,3.6538112188181637
50,2,4,3,False,8.136395354006426,3.393032591176723
100,2,4,3,False,7.7072216863245595,3.316642220292049
500,2,4,3,False,7.687269517039445,3.3164188973891364
1000,2,4,3,False,7.796964870469986,3.342919627820465
10,2,5,3,False,8.820055419666556,3.565924813122234
50,2,5,3,False,8.029362435683993,3.39199950562104
100,2,5,3,False,7.869996032573777,3.358676099750891
500,2,5,3,False,7.7653189326804695,3.3274222600494086
1000,2,5,3,False,7.815287917775579,3.3441002823373682
10,3,2,10,False,3.082243713182666,1.9864832910757029
50,3,2,10,False,2.846528446135899,1.915104538791244
100,3,2,10,False,2.816119725529646,1.892414535247377
500,3,2,10,False,2.734554201691935,1.8706721400401276
1000,3,2,10,False,2.746743212051598,1.8726610075004315
10,3,3,10,False,3.12068524093783,1.9514162775599442
50,3,3,10,False,2.791628031021489,1.877496911843879
100,3,3,10,False,2.7535792050983825,1.872763176754451
500,3,3,10,False,2.7437795511923677,1.8702575933732541
1000,3,3,10,False,2.7343928716510932,1.8668075414670624
10,3,4,10,False,3.0151927257925224,1.97627232031274
50,3,4,10,False,2.8705422703296284,1.9148348989529234
100,3,4,10,False,2.753775418635545,1.878936046684585
500,3,4,10,False,2.745430291550263,1.871176445325423
1000,3,4,10,False,2.739321294668797,1.8732671702410106
10,3,5,10,False,3.164275396085413,1.997828277593384
50,3,5,10,False,2.784696425922773,1.8903641618254585
100,3,5,10,False,2.777584653286882,1.8816403972234272
500,3,5,10,False,2.7394519426766704,1.8706925708569437
1000,3,5,10,False,2.7210498000861763,1.8659873498353372
10,3,2,3,False,5.76607419545924,2.801798497196194
50,3,2,3,False,4.710855450493657,2.5314351407250513
100,3,2,3,False,4.9509335001010815,2.595338958905383
500,3,2,3,False,4.644093404933408,2.509353064385754
1000,3,2,3,False,4.7410414789543776,2.5351290921392584
10,3,3,3,False,5.011156294525312,2.624251026871662
50,3,3,3,False,5.057703052521644,2.608449420298567
100,3,3,3,False,4.724853537789578,2.519581649739025
500,3,3,3,False,4.728995154079287,2.53350551855116
1000,3,3,3,False,4.676023767823669,2.515497546086746
10,3,4,3,False,4.979918965519409,2.605463670668085
50,3,4,3,False,4.677233666167992,2.5248139857360825
100,3,4,3,False,4.776141098493261,2.538274326984499
500,3,4,3,False,4.708681389331056,2.5223072913930866
1000,3,4,3,False,4.661474617216724,2.513676452363553
10,3,5,3,False,4.79036820590271,2.518327111794204
50,3,5,3,False,4.502705764822784,2.4433464718997477
100,3,5,3,False,4.657771007697949,2.5215240246558737
500,3,5,3,False,4.678551249246044,2.5231992074109604
1000,3,5,3,False,4.741236931103904,2.5308494773705674
10,4,2,10,False,2.142699314550296,1.61784292993392
50,4,2,10,False,1.935094376917004,1.5411021995088383
100,4,2,10,False,1.9209075058299896,1.5295779190250964
500,4,2,10,False,1.8700381413360483,1.5131113135930847
1000,4,2,10,False,1.8765456109972538,1.5157752157509001
10,4,3,10,False,2.0028183242262037,1.5652000189244566
50,4,3,10,False,1.8801029973232517,1.524136509106183
100,4,3,10,False,1.9260787784692204,1.5365774907946397
500,4,3,10,False,1.8741437294393721,1.5155265045737032
1000,4,3,10,False,1.8693491218719411,1.5112978747759438
10,4,4,10,False,2.1366289900643807,1.63181520405955
50,4,4,10,False,1.9165287672052518,1.5217761089555104
100,4,4,10,False,1.9075674948250807,1.5266754788403774
500,4,4,10,False,1.8759741680758273,1.5152033387127772
1000,4,4,10,False,1.8676470056216452,1.513791791417797
10,4,5,10,False,1.9586072891216357,1.5676982889047502
50,4,5,10,False,1.9337261768891223,1.5307517831070983
100,4,5,10,False,1.9228844654424713,1.5283433577100176
500,4,5,10,False,1.8810130537635525,1.5153353292045588
1000,4,5,10,False,1.8770952860185464,1.515597148342607
10,4,2,3,False,3.7599280793280605,2.194713215126655
50,4,2,3,False,3.415044228390231,2.1006633048635774
100,4,2,3,False,3.1951167170655426,2.039794289240419
500,4,2,3,False,3.2129320354044846,2.0401998052618437
1000,4,2,3,False,3.1672138992955605,2.018728607468418
10,4,3,3,False,3.7043814028662423,2.2132942654399135
50,4,3,3,False,3.212303594204012,2.0355575669492314
100,4,3,3,False,3.083312678868172,1.9972405295085738
500,4,3,3,False,3.187164883707622,2.0328660383807793
1000,4,3,3,False,3.1920857777740186,2.028270748314973
10,4,4,3,False,3.882473037721741,2.2394895662706356
50,4,4,3,False,3.2483549368066766,2.036294545737643
100,4,4,3,False,3.3016142918414877,2.0650143308508446
500,4,4,3,False,3.1454019406224965,2.0167567315014816
1000,4,4,3,False,3.208075727632566,2.041292568452921
10,4,5,3,False,3.5084246200308087,2.149373691126085
50,4,5,3,False,3.311662862447464,2.057977322317893
100,4,5,3,False,3.121276716546817,2.0142619196791305
500,4,5,3,False,3.1283254257304747,2.009384585597769
1000,4,5,3,False,3.1939440804660824,2.031088445002437
10,5,2,10,False,1.7129427984874386,1.4149751864197688
50,5,2,10,False,1.519307416508937,1.325386297582518
100,5,2,10,False,1.49658041302698,1.3198373993590622
500,5,2,10,False,1.4886728782505123,1.3221831901979881
1000,5,2,10,False,1.4958746781879895,1.3174044651033632
10,5,3,10,False,1.8251305525464867,1.4421450975161827
50,5,3,10,False,1.5293163219235797,1.3309386805574068
100,5,3,10,False,1.4952451992666094,1.3243532769661859
500,5,3,10,False,1.4900255739142507,1.3174089956159425
1000,5,3,10,False,1.4890751109179485,1.3168727321847455
10,5,4,10,False,1.6759592286121587,1.3978611836354145
50,5,4,10,False,1.5666527189198551,1.357282702951594
100,5,4,10,False,1.5177521224353754,1.3323347722301246
500,5,4,10,False,1.5042658887712943,1.3252373839680447
1000,5,4,10,False,1.49875861009318,1.3206085827684522
10,5,5,10,False,1.6903612165088144,1.4017197638401249
50,5,5,10,False,1.5198395239833677,1.337279686121782
100,5,5,10,False,1.487773578558673,1.318976354290248
500,5,5,10,False,1.4905942604195033,1.3198568711071073
1000,5,5,10,False,1.4959951538120568,1.3243055990947838
10,5,2,3,False,2.5800536688572913,1.7943330273553935
50,5,2,3,False,2.4663959742939294,1.7511968425697235
100,5,2,3,False,2.37675488587412,1.7296893683560206
500,5,2,3,False,2.3706408743764396,1.7251749848713112
1000,5,2,3,False,2.3503441380382903,1.7134775518863565
10,5,3,3,False,2.9322042867378064,1.9332333220485922
50,5,3,3,False,2.442540406673476,1.756477912634374
100,5,3,3,False,2.433390207864692,1.7505794912514405
500,5,3,3,False,2.380681781468253,1.7271854602752459
1000,5,3,3,False,2.380869262352427,1.7278104764888493
10,5,4,3,False,2.8128992894271225,1.8795561410334733
50,5,4,3,False,2.4624440906704392,1.7608579104297313
100,5,4,3,False,2.3904114584224843,1.726492912995296
500,5,4,3,False,2.3756999426894185,1.7261287000508507
1000,5,4,3,False,2.3881594440410847,1.7278458467103444
10,5,5,3,False,2.5249630519244595,1.7794183550987364
50,5,5,3,False,2.5032815291314687,1.7597349564618394
100,5,5,3,False,2.3825004642226566,1.726389945212505
500,5,5,3,False,2.3765808767593946,1.7292357666241187
1000,5,5,3,False,2.3798824128083114,1.727622783311822
10,6,2,10,False,1.4917408369286669,1.279740388829066
50,6,2,10,False,1.3252704735972836,1.219199693555142
100,6,2,10,False,1.3192733699321768,1.2147306283104418
500,6,2,10,False,1.2938418555627045,1.2019026264707955
1000,6,2,10,False,1.2987083229461278,1.2060503269260539
10,6,3,10,False,1.512909516480292,1.3193814037211236
50,6,3,10,False,1.2912978917956228,1.2106944734826453
100,6,3,10,False,1.2759913209431681,1.1912205679159988
500,6,3,10,False,1.297973004464808,1.2058350219800362
1000,6,3,10,False,1.2902654568559062,1.2035582926878348
10,6,4,10,False,1.4366855255531523,1.2628101464745618
50,6,4,10,False,1.322462145903057,1.2090295348108355
100,6,4,10,False,1.31032270107971,1.214815929770741
500,6,4,10,False,1.2986402982878833,1.2036335601967019
1000,6,4,10,False,1.2873046742038512,1.2009058827210617
10,6,5,10,False,1.4647658822758505,1.2919388027914953
50,6,5,10,False,1.3565343988999132,1.2339060002609046
100,6,5,10,False,1.2968729538899428,1.2113043969518091
500,6,5,10,False,1.295284647215615,1.205345877287896
1000,6,5,10,False,1.2881320768727151,1.2030184097329228
10,6,2,3,False,2.085487129510293,1.5724156542028083
50,6,2,3,False,1.9830289556912706,1.5372157023456732
100,6,2,3,False,1.9335392513819,1.533733862372276
500,6,2,3,False,1.9297919588843553,1.5303424299429402
1000,6,2,3,False,1.9161885422219789,1.5256212407901781
10,6,3,3,False,2.1807488205097294,1.6114521854471575
50,6,3,3,False,1.920014266173363,1.5209028001455915
100,6,3,3,False,1.9499998109622052,1.5336941986137933
500,6,3,3,False,1.92338865126915,1.5303375866696929
1000,6,3,3,False,1.8786870169594976,1.5142963698758318
10,6,4,3,False,2.07354484188739,1.5768083305708243
50,6,4,3,False,1.949736591444051,1.5338164971208006
100,6,4,3,False,1.902532135854378,1.5223541741351574
500,6,4,3,False,1.9061008462500517,1.5201703912025422
1000,6,4,3,False,1.917453921002768,1.5280529676789258
10,6,5,3,False,2.2965992810744993,1.6554602448158195
50,6,5,3,False,1.942486383541871,1.537202083151677
100,6,5,3,False,1.9504311200315205,1.547017279909152
500,6,5,3,False,1.9126975400093875,1.5251765133378772
1000,6,5,3,False,1.9010734865683951,1.519985558280588
10,7,2,10,False,1.352584380359818,1.2134165331545117
50,7,2,10,False,1.2036161166941954,1.1480636474481978
100,7,2,10,False,1.180684637062124,1.1393067038556863
500,7,2,10,False,1.168778444743019,1.128365919874623
1000,7,2,10,False,1.167672905136626,1.1278887084328144
10,7,3,10,False,1.4015850894424782,1.2376071237895079
50,7,3,10,False,1.1981699878251721,1.1400864130273212
100,7,3,10,False,1.1710635869144577,1.1326264483198385
500,7,3,10,False,1.167139340097861,1.1322121606806759
1000,7,3,10,False,1.1683516612755194,1.1270508122258354
10,7,4,10,False,1.3701489230635804,1.2239804744138547
50,7,4,10,False,1.2396444212243007,1.1640532438430837
100,7,4,10,False,1.1770899405374113,1.1310202630233481
500,7,4,10,False,1.177901992113137,1.1347935900168746
1000,7,4,10,False,1.1707729859976426,1.1284557706999334
10,7,5,10,False,1.26882582863944,1.1668377410546642
50,7,5,10,False,1.188967755359164,1.140062392877067
100,7,5,10,False,1.1871982651168291,1.1358025081979706
500,7,5,10,False,1.1761139879560496,1.1361967321185038
1000,7,5,10,False,1.17445286324177,1.1325125685969297
10,7,2,3,False,1.7064873409589987,1.41032556746725
50,7,2,3,False,1.676834013928183,1.408567797888195
100,7,2,3,False,1.6344637160498905,1.3897850844641009
500,7,2,3,False,1.6020219958516453,1.3796184751583387
1000,7,2,3,False,1.6106706080163493,1.3813160812841816
10,7,3,3,False,1.9675690097351808,1.5357596420085429
50,7,3,3,False,1.664733680485084,1.3989344952429443
100,7,3,3,False,1.6367760641937286,1.3842664106923095
500,7,3,3,False,1.6114060560989691,1.3788914276941333
1000,7,3,3,False,1.6081890820345215,1.382349483046335
10,7,4,3,False,1.9052704987315596,1.495837894167871
50,7,4,3,False,1.6811007303803345,1.4092843954601857
100,7,4,3,False,1.6290476258475335,1.3896083153095047
500,7,4,3,False,1.6000328374696706,1.3780980984971363
1000,7,4,3,False,1.6235785842232675,1.3883537434652533
10,7,5,3,False,1.966148920681072,1.5222062583786238
50,7,5,3,False,1.6500128199059063,1.3888441409006593
100,7,5,3,False,1.6655549709517008,1.4107031311275262
500,7,5,3,False,1.6192744532347256,1.3854900815267484
1000,7,5,3,False,1.633205781126847,1.3930698653541762
10,8,2,10,False,1.2365248730365932,1.1525359544661025
50,8,2,10,False,1.1398771576615991,1.094752232382583
100,8,2,10,False,1.1301667640533728,1.0950420365182667
500,8,2,10,False,1.0985641561171118,1.079991160202307
1000,8,2,10,False,1.098803437542813,1.0822364772622817
10,8,3,10,False,1.3055025514118723,1.1688021629892962
50,8,3,10,False,1.1790637787997915,1.117004900646725
100,8,3,10,False,1.1169045206211443,1.093910937027614
500,8,3,10,False,1.1039416211100617,1.0845060552099706
1000,8,3,10,False,1.0961657862570588,1.0797963522554193
10,8,4,10,False,1.2678486996326086,1.175124526417976
50,8,4,10,False,1.1255801599041189,1.090999264739153
100,8,4,10,False,1.1306390171440086,1.093834795108483
500,8,4,10,False,1.1022802054778538,1.0849104835567953
1000,8,4,10,False,1.100448694673149,1.0839536226521405
10,8,5,10,False,1.2391378077457476,1.147157497915611
50,8,5,10,False,1.1351181540545143,1.0971270223852752
100,8,5,10,False,1.1459558313669513,1.1062463372414146
500,8,5,10,False,1.1010262679690292,1.0845382252104083
1000,8,5,10,False,1.1025524693381115,1.0834349063819342
10,8,2,3,False,1.7318355191915986,1.4171946961445512
50,8,2,3,False,1.4856705643945698,1.30544064138139
100,8,2,3,False,1.44567687609682,1.2954308909716987
500,8,2,3,False,1.4219841061264868,1.2857148903517708
1000,8,2,3,False,1.4265871182045118,1.2840942853359005
10,8,3,3,False,1.742098471756324,1.401288722205174
50,8,3,3,False,1.4940470685275236,1.3148340268194778
100,8,3,3,False,1.445465741404788,1.2969635171535698
500,8,3,3,False,1.4384719316916015,1.2875016314737666
1000,8,3,3,False,1.4372232885979903,1.2902535658767686
10,8,4,3,False,1.7385539834441197,1.415701137414886
50,8,4,3,False,1.4805293559449608,1.3110502297381412
100,8,4,3,False,1.4328813095797561,1.2856957490763599
500,8,4,3,False,1.4364128039586788,1.2923256121516034
1000,8,4,3,False,1.4298140847143386,1.2890413505580214
10,8,5,3,False,1.7615627813799908,1.4317735297983913
50,8,5,3,False,1.49117623030205,1.3087118863619502
100,8,5,3,False,1.471764116705899,1.304190576152985
500,8,5,3,False,1.458508010958246,1.2989555863848514
1000,8,5,3,False,1.4390671961323132,1.2923330959343347
10,9,2,10,False,1.216903664581764,1.1208427112457904
50,9,2,10,False,1.082715345250717,1.0660009884963646
100,9,2,10,False,1.0596494796386986,1.0516632046327172
500,9,2,10,False,1.0610061675451508,1.0549463490937727
1000,9,2,10,False,1.0642338137023104,1.0536197491704757
10,9,3,10,False,1.2261626609767604,1.147797665541657
50,9,3,10,False,1.0848491997992267,1.0737654915864034
100,9,3,10,False,1.0932596625060311,1.0657603250294507
500,9,3,10,False,1.060284427063934,1.0547414482929363
1000,9,3,10,False,1.058852536046489,1.053404726410964
10,9,4,10,False,1.2471131872668269,1.1548936223055914
50,9,4,10,False,1.120312806124986,1.087932140444582
100,9,4,10,False,1.0712988114530153,1.0621158410727265
500,9,4,10,False,1.061101147582177,1.0555536041153546
1000,9,4,10,False,1.0622604867999812,1.0531462579557072
10,9,5,10,False,1.2088931077585987,1.113263956677924
50,9,5,10,False,1.0986394611193884,1.075032204411775
100,9,5,10,False,1.066738514075102,1.0548074123927442
500,9,5,10,False,1.0775437809052277,1.0656759342078523
1000,9,5,10,False,1.0710827983014943,1.0614423181152206
10,9,2,3,False,1.4675157723347119,1.291344675724975
50,9,2,3,False,1.3969005852674616,1.2573723494729325
100,9,2,3,False,1.3446257874097227,1.2264998665795326
500,9,2,3,False,1.3110021991610727,1.2181149738389594
1000,9,2,3,False,1.3094000140913686,1.2185724300266312
10,9,3,3,False,1.4526331225470506,1.2863188165136616
50,9,3,3,False,1.3678138241819497,1.237439009371087
100,9,3,3,False,1.325994398222961,1.2273379051610327
500,9,3,3,False,1.3192207635404056,1.2243958748942563
1000,9,3,3,False,1.3066030430951714,1.218920532338921
10,9,4,3,False,1.5148194699406825,1.2974260381644158
50,9,4,3,False,1.344475344487174,1.2348364009915662
100,9,4,3,False,1.3322998475552117,1.2248685769846477
500,9,4,3,False,1.3339404727647801,1.2282264718127176
1000,9,4,3,False,1.3321263610225316,1.226517218377411
10,9,5,3,False,1.6090479740765582,1.3529853751473877
50,9,5,3,False,1.3748407667097926,1.2440873461850737
100,9,5,3,False,1.335004816339549,1.2404074154182594
500,9,5,3,False,1.3310696630372505,1.2317852019585676
1000,9,5,3,False,1.336493873413722,1.2319781979606848
10,10,2,10,False,1.1875650821785164,1.1076842682053545
50,10,2,10,False,1.1113384590154736,1.0645922873211706
100,10,2,10,False,1.0378080102513105,1.0400601994118894
500,10,2,10,False,1.0375321754599514,1.0363634830898072
1000,10,2,10,False,1.0360064814552707,1.0379080903194193
10,10,3,10,False,1.1693783686754873,1.119091500640792
50,10,3,10,False,1.073108249500058,1.0531212149338527
100,10,3,10,False,1.043568755593172,1.0286790071769105
500,10,3,10,False,1.0409362254756336,1.0394483065823876
1000,10,3,10,False,1.038813802980162,1.0387015528374297
10,10,4,10,False,1.1507721612046986,1.0827357524344685
50,10,4,10,False,1.0745625108029278,1.0582742514201442
100,10,4,10,False,1.0481179664578264,1.043308597117218
500,10,4,10,False,1.0481769722164482,1.0408056081415007
1000,10,4,10,False,1.0409127315990157,1.0383178764419125
10,10,5,10,False,1.2523702523163247,1.1426435537829969
50,10,5,10,False,1.0734022499061837,1.0516698569840603
100,10,5,10,False,1.0505687594787683,1.0481507106326244
500,10,5,10,False,1.0548432395146816,1.0504315751807127
1000,10,5,10,False,1.0460843853711799,1.0448818145729186
10,10,2,3,False,1.4397284270266617,1.2453065016481326
50,10,2,3,False,1.2963809148854208,1.207597485770399
100,10,2,3,False,1.2452976611354458,1.1812970952791624
500,10,2,3,False,1.221455373835632,1.1671521179251072
1000,10,2,3,False,1.2338486858788211,1.1719074678697363
10,10,3,3,False,1.515230560300785,1.2919638001321156
50,10,3,3,False,1.2861750656595943,1.1901695059551263
100,10,3,3,False,1.2457514557776908,1.178248924131063
500,10,3,3,False,1.2362915975890088,1.17763843553319
1000,10,3,3,False,1.2353504935383546,1.1721276423488562
10,10,4,3,False,1.477623257247039,1.284254480132028
50,10,4,3,False,1.2850195841337146,1.1935411842165498
100,10,4,3,False,1.2922217398366664,1.1974568661114864
500,10,4,3,False,1.2485471323494193,1.183790299575501
1000,10,4,3,False,1.2358501799193384,1.175532102704264
10,10,5,3,False,1.5123862284772844,1.2969834572451322
50,10,5,3,False,1.3153268558165077,1.2139437517860179
100,10,5,3,False,1.2639116612254386,1.1912975763641698
500,10,5,3,False,1.262090530527712,1.1893112862938444
1000,10,5,3,False,1.2580599295455466,1.1871825537821
